dataset,target_size,algorithm,time,metric1,metric2,selected_features
lucas,30,spa,82758.71,0.8195457161686917,32.35044908189931,0-45-189-334-430-535-657-917-1367-1726-1976-2020-2094-2663-2876-2972-3013-3046-3091-3221-3397-3567-3614-3657-3738-3821-3852-3887-4037-4199
