dataset,target_size,algorithm,time,metric1,metric2,selected_features
lucas,20,spa,69121.08,0.8227137167466222,32.06522438202932,0-71-315-426-683-1124-1569-2030-2875-3003-3092-3223-3402-3613-3652-3781-3848-3896-4033-4199
