fold,dataset,metric1,metric2
0,lucas,0.2146588717449358,65.36085509344132
1,lucas,0,69.33702727260959
2,lucas,0.10435336765210279,68.5899330668797
3,lucas,0.11860940234519934,73.99308746237801
4,lucas,0.1327431471220154,72.85624545655176
5,lucas,0,67.59042805126447
6,lucas,0.24098151611990348,74.09298454624339
7,lucas,0.18263400605899827,70.13590141592357
8,lucas,0.21294643054777984,72.49935823960648
9,lucas,0.20907371610188963,73.00635679833769
