dataset,metric1,metric2
ghisaconus,0.8057692307692308,0.7300457719421336
indian_pines,0.8107932379713915,0.7845489376389719
lucas,0.3594213693645475,60.95129524808744
