dataset,metric1,metric2
ghisaconus,0.7184438040345822,0.6060498523346044
indian_pines,0.7393255817495126,0.7004461317957016
lucas,0.14160004576928242,70.7462177403236
