dataset,target_size,fold,algorithm,repeat,time,metric1,metric2,selected_features
lucas,25,0,spa,0,82347.689033,0.8174458889248992,32.53812509378761,2-46-261-346-444-732-1190-1743-2025-2673-2877-2974-3013-3091-3221-3397-3526-3569-3614-3657-3739-3823-3889-4037-4199
