fold,dataset,metric1,metric2
0,lucas,0.3594213693645475,60.95129524808744
