dataset,metric1,metric2
lucas,0.14160004576928242,70.7462177403236
