dataset,target_size,algorithm,time,metric1,metric2,selected_features
lucas,10,spa,20974.03,0.7764833022190595,36.00407866943045,65-281-418-1197-1882-3009-3090-3540-3826-4199
